{
    "problems": [
      {
        "description": "ikibol",
        "test_cases": [
          {
            "input": 8,
            "expected_output": 4
          },
          {
            "input": 4,
            "expected_output": 2
          },
          {
            "input": 3,
            "expected_output": 1.5
          },
          {
            "input": 7,
            "expected_output": 3.5
          }
        ]
      },
      {
        "description": "kupal",
        "test_cases": [
          {
            "input": 1,
            "expected_output": 1
          },
          {
            "input": 2,
            "expected_output": 8
          },
          {
            "input": 10,
            "expected_output": 1000
          },
          {
            "input": 4,
            "expected_output": 64
          },
          {
            "input": 5,
            "expected_output": 125
          }
        ]
      }
    ]
  }